user_id,total_questions,avg_question_score,avg_view_count,avg_answer_count,total_answered_questions,total_accepted_answers,acceptance_rate,avg_num_tags,total_popular_questions,total_python_tags,total_javascript_tags,total_java_tags,total_csharp_tags,total_php_tags,pct_popular_questions,total_comments,avg_comment_score,total_replies,total_high_score_comments,account_id,last_modified_date,last_access_date,reputation_change_year,reputation_change_quarter,reputation_change_month,reputation_change_week,reputation_change_day,reputation,accept_rate,bronze_badges,silver_badges,gold_badges,total_badges,badge_score,reputation_variability,total_answers,accepted_answers,avg_score,acceptance_rate_answer,activity_duration,answers_per_day,quality_score,engagement_level,weighted_score,predicted_is_good_candidate,display_name
501696,51.0,7.529411764705882,6018.450980392156,1.7450980392156863,45.0,43.0,84.31372549019608,2.2745098039215685,7.0,0.0,0.0,3.0,0.0,0.0,13.725490196078432,100.0,0.27,20.0,4.0,235103.0,1738534200.0,1741261446.0,70.0,70.0,20.0,20.0,0.0,157487.0,91.0,308.0,307.0,30.0,645.0,1529.0,28.867513459481287,100.0,64.0,16.31,64.0,3319.0,0.0301295570955106,10.4384,2.0,23941.906212549016,1,Blackbelt
12950,41.0,46.02439024390244,28098.658536585364,4.487804878048781,39.0,38.0,92.6829268292683,3.097560975609756,12.0,0.0,1.0,1.0,5.0,0.0,29.268292682926827,100.0,0.47,67.0,9.0,7448.0,1741107901.0,1739479766.0,436.0,436.0,60.0,50.0,20.0,532665.0,94.0,799.0,700.0,102.0,1601.0,3919.0,220.008333175511,100.0,58.0,154.25,57.99999999999999,5979.0,0.0167252048837598,89.46499999999997,2.0,80693.13979268294,1,tvanfosson
223386,100.0,34.48,50186.26,3.64,97.0,97.0,97.0,2.56,40.0,1.0,18.0,24.0,2.0,8.0,40.0,100.0,0.56,42.0,14.0,78500.0,1738213503.0,1739445607.0,208.0,208.0,10.0,10.0,0.0,152294.0,99.0,320.0,267.0,62.0,649.0,1741.0,114.3153532995459,100.0,48.0,45.81,48.0,4788.0,0.0208855472013366,21.9888,2.0,23216.02988,1,hsz
1140579,17.0,9.058823529411764,7397.705882352941,2.0,16.0,13.0,76.47058823529412,2.5294117647058822,4.0,0.0,0.0,0.0,0.0,0.0,23.52941176470588,100.0,0.27,25.0,5.0,1161105.0,1737338700.0,1741277998.0,183.0,183.0,0.0,0.0,0.0,149325.0,88.0,256.0,211.0,18.0,485.0,1069.0,105.65509926170152,100.0,46.0,7.27,46.0,4745.0,0.0210748155953635,3.3441999999999994,2.0,22620.908478823523,1,Siddharth Rout
1695960,0.0,0.0,0.0,0.0,0.0,0.0,0.0,0.0,0.0,0.0,0.0,0.0,0.0,0.0,0.0,100.0,1.03,4.0,27.0,1874453.0,1739541300.0,1741282354.0,685.0,685.0,30.0,30.0,0.0,152173.0,0.0,292.0,246.0,12.0,550.0,1150.0,378.1644263192048,100.0,86.0,10.59,86.0,4464.0,0.0224014336917562,9.1074,2.0,23055.41974,1,Robert Crovella
29407,41.0,25.97560975609756,15564.341463414634,3.292682926829268,38.0,34.0,82.92682926829268,2.8780487804878048,10.0,0.0,4.0,5.0,10.0,0.0,24.390243902439025,0.0,0.0,0.0,0.0,14332.0,1740693900.0,1741269804.0,1343.0,1343.0,120.0,110.0,20.0,1039418.0,86.0,2947.0,3316.0,275.0,6538.0,15645.0,708.9978843409901,100.0,67.0,109.83,67.0,4023.0,0.0248570718369376,73.5861,2.0,158951.1842929268,1,Darin Dimitrov
247696,100.0,34.76,12728.95,2.05,92.0,71.0,71.0,2.14,10.0,19.0,10.0,10.0,0.0,2.0,10.0,100.0,0.18,15.0,4.0,89879.0,1739713501.0,1741280369.0,1544.0,1544.0,65.0,65.0,0.0,151268.0,78.0,290.0,274.0,49.0,613.0,1602.0,853.9010481314565,100.0,14.0,68.43,14.000000000000002,4410.0,0.0226757369614512,9.5802,2.0,23033.00102,1,Flimm
364696,11.0,2.0,319.72727272727275,1.5454545454545454,10.0,9.0,81.81818181818183,4.2727272727272725,0.0,3.0,0.0,0.0,0.0,0.0,0.0,103.0,0.7281553398058253,45.0,20.0,151071.0,1740470400.0,1741208875.0,1082.0,1082.0,88.0,88.0,30.0,155634.0,0.0,306.0,215.0,12.0,533.0,1071.0,573.886167574488,100.0,56.0,6.77,56.00000000000001,3425.0,0.0291970802919708,3.7912,2.0,23571.28793818182,1,ShadowRanger
905,112.0,49.625,37529.38392857143,3.857142857142857,84.0,72.0,64.28571428571429,3.4910714285714284,40.0,0.0,27.0,28.0,25.0,0.0,35.714285714285715,103.0,0.2427184466019417,84.0,3.0,689.0,1740967503.0,1741273539.0,583.0,583.0,40.0,40.0,0.0,155842.0,75.0,450.0,310.0,82.0,842.0,2200.0,313.5011961699668,100.0,24.0,8.91,24.0,6049.0,0.0165316581253099,2.1384,2.0,23824.83341142857,1,Keith
1903366,0.0,0.0,0.0,0.0,0.0,0.0,0.0,0.0,0.0,0.0,0.0,0.0,0.0,0.0,0.0,100.0,0.58,59.0,9.0,2145714.0,1728978900.0,1727348183.0,540.0,540.0,50.0,50.0,0.0,153120.0,0.0,280.0,349.0,29.0,658.0,1617.0,282.9016319029166,100.0,78.0,31.02,78.0,2126.0,0.0470366886171213,24.1956,2.0,23281.87156,1,lukasgeiter
71522,100.0,71.26,61482.18,4.66,88.0,57.0,56.99999999999999,2.2,39.0,32.0,14.0,16.0,0.0,0.0,39.0,100.0,0.65,39.0,11.0,27199.0,1739713501.0,1741285081.0,400.0,400.0,50.0,40.0,0.0,154664.0,62.0,510.0,363.0,93.0,966.0,2529.0,205.0,100.0,45.0,26.97,45.0,5230.0,0.0191204588910133,12.136499999999998,2.0,23709.66065,1,David Wolever
263693,13.0,17.307692307692307,3191.3076923076924,1.8461538461538465,12.0,9.0,69.23076923076923,2.923076923076923,2.0,0.0,0.0,0.0,1.0,0.0,15.384615384615383,100.0,0.59,42.0,11.0,97153.0,1732122300.0,1741281070.0,1685.0,1685.0,150.0,140.0,30.0,457207.0,73.0,842.0,711.0,77.0,1630.0,3745.0,889.1287870719292,100.0,60.0,21.81,60.0,5382.0,0.018580453363062,13.086,2.0,69319.61267692308,1,Stephen Cleary
285587,37.0,38.4054054054054,23510.135135135137,3.5675675675675675,36.0,23.0,62.16216216216216,3.189189189189189,6.0,0.0,0.0,0.0,0.0,24.0,16.216216216216218,100.0,0.76,10.0,17.0,107389.0,1741269300.0,1741284088.0,165.0,165.0,65.0,68.0,0.0,157981.0,61.0,365.0,223.0,42.0,630.0,1454.0,56.882188190446165,100.0,47.0,15.71,47.0,5445.0,0.0183654729109274,7.3837,2.0,23996.37558621621,1,Your Common Sense
2410359,46.0,7.6521739130434785,1926.8260869565213,2.0434782608695654,43.0,34.0,73.91304347826086,2.630434782608696,1.0,0.0,0.0,0.0,0.0,0.0,2.1739130434782608,100.0,0.52,24.0,12.0,2802349.0,1740609902.0,1741280625.0,1297.0,1297.0,72.0,43.0,30.0,154218.0,87.0,294.0,150.0,16.0,460.0,904.0,715.7235849124996,100.0,12.0,4.18,12.0,4213.0,0.0237360550676477,0.5015999999999999,2.0,23334.459464347827,1,chux
223092,23.0,11.043478260869565,5832.130434782609,2.130434782608696,20.0,15.0,65.21739130434783,3.217391304347826,5.0,5.0,1.0,3.0,0.0,0.0,21.73913043478261,100.0,3.15,71.0,22.0,78362.0,1737425401.0,1740782818.0,1866.0,1866.0,170.0,150.0,20.0,468041.0,68.0,330.0,422.0,76.0,828.0,2356.0,984.9934009931234,100.0,71.0,349.25,71.0,2707.0,0.0369412633912079,247.9675,2.0,70714.39348913042,1,Mark Longair
284240,100.0,8.86,8215.62,2.75,98.0,90.0,90.0,3.95,19.0,0.0,1.0,1.0,57.0,0.0,19.0,100.0,0.64,28.0,18.0,106749.0,1737191100.0,1741283144.0,530.0,530.0,30.0,30.0,10.0,460268.0,93.0,972.0,711.0,78.0,1761.0,3885.0,288.67513459481285,100.0,60.0,7.02,60.0,5401.0,0.0185150897981855,4.212,2.0,69837.97320000001,1,Tim Schmelter
1863229,77.0,2.467532467532468,1763.012987012987,1.5454545454545454,64.0,43.0,55.84415584415584,3.4025974025974026,1.0,0.0,2.0,24.0,1.0,0.0,1.2987012987012987,100.0,0.64,37.0,12.0,2094057.0,1741179600.0,1741271322.0,2455.0,2455.0,220.0,135.0,45.0,522626.0,58.0,388.0,317.0,30.0,735.0,1639.0,1315.373045945522,100.0,45.0,1.3,45.0,2416.0,0.0413907284768211,0.585,2.0,78737.42291558441,1,Tim Biegeleisen
9021,100.0,168.34,113677.19,8.41,99.0,85.0,85.0,2.69,74.0,0.0,32.0,32.0,1.0,14.0,74.0,100.0,0.88,30.0,17.0,5559.0,1739819112.0,1739998378.0,686.0,686.0,100.0,100.0,0.0,546433.0,70.0,727.0,658.0,198.0,1583.0,4681.0,338.3272577451207,100.0,48.0,217.32,48.0,4752.0,0.021043771043771,104.3136,2.0,82894.46336,1,nickf
209103,27.0,13.51851851851852,3632.555555555556,1.7037037037037035,27.0,18.0,66.66666666666666,2.4074074074074074,4.0,0.0,5.0,7.0,2.0,0.0,14.814814814814811,100.0,0.34,14.0,4.0,72426.0,1740066007.0,1741287370.0,2588.0,2588.0,190.0,160.0,10.0,599956.0,73.0,859.0,889.0,85.0,1833.0,4376.0,1393.2000334960278,100.0,52.0,1.58,52.0,2497.0,0.040048057669203,0.8216,2.0,90847.20682666666,1,Frank van Puffelen
341994,100.0,11.78,4418.36,1.87,91.0,79.0,79.0,2.78,13.0,0.0,0.0,0.0,0.0,0.0,13.0,100.0,0.37,20.0,8.0,137658.0,1741074900.0,1741280785.0,1749.0,1749.0,94.0,84.0,19.0,535944.0,93.0,1226.0,933.0,93.0,2252.0,4955.0,958.4101418495112,100.0,44.0,2.89,44.0,1882.0,0.053134962805526,1.2716,2.0,81395.36615999999,1,matt
335858,32.0,13.53125,3698.0,1.4375,30.0,26.0,81.25,2.8125,3.0,0.0,0.0,0.0,8.0,0.0,9.375,100.0,0.82,40.0,20.0,134022.0,1731622215.0,1741284776.0,1036.0,1036.0,58.0,58.0,0.0,726987.0,81.0,1563.0,1149.0,85.0,2797.0,5860.0,564.648563267454,100.0,45.0,7.98,45.0,4746.0,0.0210703750526759,3.591,2.0,110224.8321,1,Sergey Kalinichenko
1269037,100.0,9.64,7261.49,1.98,81.0,39.0,39.0,2.84,25.0,0.0,32.0,32.0,0.0,0.0,25.0,100.0,0.12,17.0,3.0,8216.0,1739804101.0,1741274923.0,-60.0,-60.0,108.0,98.0,-2.0,151855.0,38.0,420.0,332.0,64.0,816.0,2056.0,94.19660291114536,100.0,12.0,94.61,12.0,4514.0,0.0221533008418254,11.3532,2.0,23204.74632,1,Dan Dascalescu
266143,12.0,2.4166666666666665,3836.75,1.5,10.0,4.0,33.33333333333333,3.0,2.0,0.0,0.0,0.0,8.0,0.0,16.666666666666664,100.0,0.63,21.0,14.0,98281.0,1737625200.0,1693890138.0,335.0,335.0,30.0,30.0,0.0,151720.0,33.0,284.0,233.0,24.0,541.0,1223.0,176.09183210283587,100.0,52.0,4.65,52.0,3975.0,0.0251572327044025,2.418,2.0,23002.190133333334,1,CodeCaster
73226,23.0,6.608695652173913,3263.4347826086955,2.1739130434782608,22.0,18.0,78.26086956521739,2.608695652173913,3.0,0.0,0.0,0.0,0.0,0.0,13.043478260869565,100.0,0.89,22.0,21.0,27657.0,1741177205.0,1741285381.0,1572.0,1572.0,130.0,130.0,30.0,453837.0,100.0,873.0,771.0,95.0,1739.0,4136.0,832.5390881714403,100.0,58.0,25.79,57.99999999999999,5468.0,0.0182882223847841,14.958199999999998,2.0,68888.05090695653,1,Martin Smith
97101,39.0,380.56410256410254,259815.4615384616,5.384615384615385,37.0,31.0,79.48717948717949,2.948717948717949,17.0,0.0,0.0,0.0,0.0,2.0,43.58974358974359,37.0,0.4594594594594595,8.0,4.0,34362.0,1737878100.0,1740535564.0,860.0,860.0,80.0,70.0,20.0,149114.0,82.0,72.0,57.0,27.0,156.0,513.0,453.2383478921439,14.0,6.0,2.4285714285714284,42.85714285714285,1132.0,0.0123674911660777,1.040816326530612,1.0,22478.645656724228,1,markdorison
1542290,30.0,26.6,23753.7,3.0,29.0,27.0,90.0,2.4,9.0,0.0,4.0,4.0,0.0,3.0,30.0,100.0,0.65,20.0,12.0,1677009.0,1737065100.0,1741171328.0,235.0,235.0,20.0,20.0,0.0,157404.0,89.0,285.0,303.0,36.0,624.0,1554.0,124.13030787576952,100.0,64.0,45.6,64.0,4480.0,0.0223214285714285,29.184,2.0,23931.1784,1,Mr. Alien
5393381,62.0,5.612903225806452,2891.3387096774195,1.564516129032258,55.0,48.0,77.41935483870968,3.290322580645161,5.0,62.0,0.0,0.0,0.0,0.0,8.064516129032258,100.0,0.34,65.0,7.0,7040846.0,1741233300.0,1741280750.0,488.0,488.0,30.0,20.0,0.0,152795.0,84.0,367.0,350.0,41.0,758.0,1827.0,267.3443472377899,100.0,58.0,35.76,57.99999999999999,1777.0,0.056274620146314,20.7408,2.0,23298.99201548387,1,MSeifert
1708801,24.0,25.166666666666668,2697.4166666666665,1.2916666666666667,24.0,13.0,54.16666666666666,4.541666666666667,2.0,0.0,0.0,0.0,0.0,0.0,8.333333333333332,100.0,0.79,27.0,13.0,1637842.0,1736947801.0,1741202522.0,331.0,331.0,0.0,0.0,0.0,158599.0,30.0,767.0,462.0,43.0,1272.0,2583.0,191.1029391017661,100.0,54.0,28.49,54.0,3808.0,0.0262605042016806,15.3846,2.0,24320.404126666668,1,Shafik Yaghmour
62082,24.0,5.708333333333333,3460.0416666666665,1.75,20.0,17.0,70.83333333333334,2.875,2.0,0.0,3.0,6.0,0.0,0.0,8.333333333333332,100.0,0.72,61.0,10.0,24421.0,1737425401.0,1741277740.0,130.0,130.0,10.0,10.0,0.0,159135.0,81.0,311.0,378.0,40.0,729.0,1845.0,69.2820323027551,100.0,78.0,50.9,78.0,3222.0,0.0310366232153941,39.702,2.0,24242.143533333336,1,Michelle Tilley
55159,15.0,10.8,6611.133333333333,2.6,14.0,11.0,73.33333333333333,2.6666666666666665,2.0,0.0,2.0,2.0,0.0,2.0,13.333333333333334,100.0,0.14,45.0,0.0,22397.0,1739795701.0,1741270297.0,900.0,900.0,40.0,40.0,10.0,425753.0,79.0,619.0,626.0,93.0,1338.0,3427.0,496.5212315030781,100.0,47.0,44.71,47.0,5843.0,0.0171144959780934,21.0137,2.0,64528.705703333326,1,Quassnoi
20862,8.0,6.5,1349.375,1.25,6.0,3.0,37.5,2.875,0.0,2.0,0.0,1.0,0.0,0.0,0.0,100.0,0.67,11.0,19.0,10930.0,1741034101.0,1546328601.0,1696.0,1696.0,120.0,100.0,60.0,799310.0,50.0,1380.0,1361.0,160.0,2901.0,7063.0,915.7139291285245,100.0,61.0,128.89,61.0,3570.0,0.0280112044817927,78.62289999999999,2.0,121272.25129,1,Ignacio Vazquez-Abrams
567292,34.0,10.794117647058824,5401.823529411765,2.147058823529412,31.0,25.0,73.52941176470588,4.147058823529412,2.0,6.0,0.0,0.0,0.0,0.0,5.88235294117647,100.0,0.49,49.0,9.0,274825.0,1740967503.0,1709568668.0,370.0,370.0,30.0,20.0,0.0,157484.0,84.0,385.0,311.0,28.0,724.0,1598.0,199.22767545365443,100.0,52.0,18.42,52.0,4235.0,0.0236127508854781,9.578400000000002,2.0,23953.85278117647,1,ecatmur
367273,58.0,34.758620689655174,15851.310344827589,2.896551724137931,56.0,52.0,89.65517241379311,3.827586206896552,16.0,41.0,0.0,7.0,0.0,0.0,27.58620689655172,100.0,0.66,28.0,12.0,152622.0,1738644973.0,1741068195.0,1402.0,1402.0,110.0,80.0,10.0,500883.0,96.0,1025.0,967.0,114.0,2106.0,5066.0,754.6961861128842,100.0,64.0,99.25,64.0,3539.0,0.0282565696524441,63.52,2.0,76144.79251724138,1,NPE
190597,17.0,20.0,22813.352941176472,2.823529411764706,17.0,15.0,88.23529411764706,2.294117647058824,3.0,11.0,0.0,0.0,0.0,0.0,17.647058823529413,100.0,0.65,34.0,15.0,64585.0,1739282100.0,1689005821.0,2806.0,2806.0,170.0,160.0,10.0,880717.0,88.0,1704.0,1844.0,196.0,3744.0,9196.0,1524.7875261819268,100.0,69.0,187.02,69.0,3366.0,0.029708853238265,129.0438,2.0,133906.67990941176,1,unutbu
256196,100.0,17.52,10112.2,2.54,87.0,67.0,67.0,3.37,25.0,0.0,1.0,57.0,1.0,0.0,25.0,100.0,0.38,22.0,11.0,93689.0,1741107901.0,1741233319.0,949.0,949.0,70.0,60.0,10.0,425318.0,77.0,745.0,600.0,100.0,1445.0,3545.0,510.393965481568,100.0,23.0,1.28,23.0,5010.0,0.0199600798403193,0.2944,2.0,64506.207439999984,1,Bohemian
203907,100.0,12.98,10985.05,2.68,88.0,65.0,65.0,2.72,23.0,0.0,0.0,66.0,0.0,1.0,23.0,0.0,0.0,0.0,0.0,70258.0,1741107901.0,1726329309.0,786.0,786.0,28.0,28.0,0.0,597362.0,81.0,1151.0,1072.0,147.0,2370.0,5837.0,437.63150404573634,100.0,63.0,107.24,63.0,1118.0,0.0894454382826475,67.5612,2.0,90766.13012000002,1,Bozho
279627,12.0,43.333333333333336,18770.416666666668,2.9166666666666665,10.0,9.0,75.0,3.0,2.0,6.0,0.0,0.0,0.0,0.0,16.666666666666664,100.0,1.06,29.0,28.0,104636.0,1740402600.0,1741193555.0,2379.0,2379.0,220.0,180.0,50.0,602575.0,82.0,863.0,962.0,123.0,1948.0,4979.0,1258.1522165461538,100.0,64.0,162.14,64.0,5035.0,0.0198609731876861,103.7696,2.0,91365.09096,1,Sven Marnach
1120273,30.0,16.233333333333334,3385.233333333333,2.433333333333333,30.0,27.0,90.0,3.0,4.0,0.0,0.0,0.0,0.0,0.0,13.333333333333334,100.0,0.55,52.0,13.0,1135055.0,1725476702.0,1738429767.0,483.0,483.0,20.0,20.0,0.0,154025.0,89.0,394.0,236.0,18.0,648.0,1282.0,267.3131746347967,100.0,48.0,7.51,48.0,4324.0,0.0231267345050878,3.6048,2.0,23379.66148,1,Dietmar K&#252;hl
50079,14.0,10.857142857142858,4515.785714285715,2.2857142857142856,12.0,9.0,64.28571428571429,3.0,2.0,0.0,0.0,0.0,3.0,5.0,14.285714285714285,100.0,0.63,55.0,13.0,20816.0,1739819112.0,1741052416.0,756.0,756.0,90.0,90.0,20.0,437754.0,67.0,816.0,753.0,84.0,1653.0,3915.0,384.5152792802908,100.0,66.0,86.59,66.0,3945.0,0.0253485424588086,57.14940000000001,2.0,66439.95251142855,1,Jon
1715579,53.0,3.4339622641509435,1980.320754716981,1.6415094339622642,40.0,35.0,66.0377358490566,4.2075471698113205,4.0,2.0,4.0,7.0,19.0,0.0,7.547169811320755,100.0,0.89,33.0,20.0,1899397.0,1739481007.0,1718141941.0,234.0,234.0,8.0,8.0,-2.0,149058.0,81.0,336.0,304.0,31.0,671.0,1558.0,130.48116083685542,100.0,60.0,15.81,60.0,2890.0,0.0346020761245674,9.486,2.0,22681.433373584903,1,p.s.w.g
1491895,23.0,4.608695652173913,992.9130434782608,1.6521739130434785,21.0,18.0,78.26086956521739,3.0434782608695654,0.0,1.0,5.0,5.0,0.0,4.0,0.0,0.0,0.0,0.0,0.0,1613587.0,1741051202.0,1741287105.0,3331.0,3331.0,239.0,216.0,118.0,782344.0,69.0,660.0,546.0,56.0,1262.0,2858.0,1791.8311629912753,100.0,41.0,1.73,41.0,4538.0,0.0220361392684001,0.7092999999999999,2.0,117920.77001695652,1,Barmar
19563,0.0,0.0,0.0,0.0,0.0,0.0,0.0,0.0,0.0,0.0,0.0,0.0,0.0,0.0,0.0,100.0,1.17,23.0,19.0,10375.0,1741107901.0,1656491261.0,3264.0,3264.0,230.0,230.0,40.0,793017.0,0.0,665.0,644.0,107.0,1416.0,3667.0,1751.6807167213244,100.0,63.0,596.71,63.0,4246.0,0.023551577955723,375.92730000000006,2.0,119741.46373,1,CB Bailey
45375,24.0,8.666666666666666,3914.25,1.5416666666666667,22.0,21.0,87.5,4.125,1.0,1.0,1.0,1.0,1.0,0.0,4.166666666666666,100.0,0.4,36.0,4.0,19375.0,1739221514.0,1741282566.0,5403.0,5403.0,470.0,385.0,75.0,440142.0,0.0,915.0,702.0,68.0,1685.0,3701.0,2872.815851506439,100.0,62.0,8.5,62.0,3138.0,0.0318674314850223,5.27,2.0,66761.777,1,mklement0
771848,100.0,25.52,17152.15,3.06,100.0,100.0,100.0,4.51,37.0,51.0,42.0,43.0,0.0,0.0,37.0,100.0,0.5,43.0,10.0,403854.0,1738681800.0,1741127498.0,836.0,836.0,40.0,40.0,10.0,474171.0,100.0,1222.0,1119.0,127.0,2468.0,5849.0,459.5708142749421,100.0,67.0,36.63,67.0,3586.0,0.0278862242052426,24.5421,2.0,72295.91720999999,1,alecxe
224671,13.0,52.30769230769231,16721.69230769231,3.692307692307693,12.0,8.0,61.53846153846154,3.1538461538461537,3.0,1.0,0.0,2.0,0.0,0.0,23.07692307692308,100.0,1.18,55.0,25.0,79153.0,1737151501.0,1701145633.0,1046.0,1046.0,70.0,70.0,20.0,523684.0,67.0,1013.0,1095.0,110.0,2218.0,5398.0,563.4938627290747,100.0,75.0,98.37,75.0,3416.0,0.0292740046838407,73.7775,2.0,79610.76859615384,1,kennytm
1709587,100.0,27.0,17266.05,2.12,88.0,69.0,69.0,2.55,29.0,27.0,11.0,11.0,6.0,8.0,29.0,100.0,0.31,31.0,7.0,1891677.0,1741075800.0,1741274644.0,1245.0,1245.0,71.0,61.0,10.0,155075.0,71.0,470.0,429.0,90.0,989.0,2657.0,680.7082096366009,100.0,24.0,57.47,24.0,4334.0,0.0230733733271804,13.7928,2.0,23798.426280000003,1,Mark Amery
993547,5.0,25.2,18330.4,1.2,4.0,4.0,80.0,4.2,1.0,0.0,0.0,0.0,4.0,0.0,20.0,100.0,0.63,43.0,14.0,970966.0,1732561205.0,1724226174.0,380.0,380.0,0.0,0.0,0.0,157098.0,100.0,339.0,267.0,23.0,629.0,1370.0,219.3931022920578,100.0,60.0,16.16,60.0,1945.0,0.0514138817480719,9.696,2.0,23844.985600000007,1,Patrick Hofman
548225,11.0,33.54545454545455,99276.81818181818,3.727272727272727,11.0,10.0,90.9090909090909,4.090909090909091,3.0,0.0,0.0,2.0,0.0,0.0,27.27272727272727,100.0,1.03,21.0,22.0,262968.0,1737450600.0,1741285913.0,2129.0,2129.0,250.0,220.0,40.0,786011.0,90.0,663.0,595.0,67.0,1325.0,3118.0,1093.5699947115106,100.0,51.0,10.06,51.0,5102.0,0.0196001568012544,5.1306,2.0,118515.6599690909,1,anubhava
33708,8.0,22.0,5916.125,4.5,8.0,6.0,75.0,3.875,2.0,0.0,0.0,0.0,1.0,0.0,25.0,100.0,1.57,76.0,23.0,15778.0,1737879903.0,1736552253.0,630.0,630.0,60.0,60.0,20.0,422222.0,83.0,794.0,860.0,92.0,1746.0,4294.0,329.0896534380867,100.0,68.0,132.38,68.0,3829.0,0.0261164794985635,90.0184,2.0,64183.93983999999,1,Mehrdad Afshari
577088,3.0,13.0,1858.0,2.0,3.0,3.0,100.0,3.333333333333333,0.0,3.0,0.0,0.0,0.0,0.0,0.0,100.0,0.54,58.0,12.0,281021.0,1738890602.0,1630343362.0,438.0,438.0,40.0,30.0,10.0,151147.0,0.0,238.0,217.0,36.0,491.0,1249.0,232.7079715007632,100.0,62.0,82.99,62.0,3768.0,0.0265392781316348,51.4538,2.0,22932.84438,1,senderle
615754,3.0,3.0,8832.0,3.6666666666666665,3.0,3.0,100.0,1.3333333333333333,2.0,0.0,1.0,1.0,0.0,0.0,66.66666666666666,100.0,0.61,43.0,16.0,305540.0,1741260300.0,1697628045.0,168.0,168.0,-10.0,-10.0,-8.0,150070.0,0.0,247.0,209.0,30.0,486.0,1174.0,102.76834791575338,100.0,67.0,8.45,67.0,2467.0,0.0405350628293473,5.6615,2.0,22747.51115,1,nnnnnn
734069,41.0,23.5609756097561,9042.634146341465,1.6097560975609757,39.0,36.0,87.8048780487805,2.804878048780488,8.0,0.0,0.0,0.0,0.0,0.0,19.51219512195122,0.0,0.0,0.0,0.0,380209.0,1741255500.0,1741271852.0,1969.0,1969.0,190.0,170.0,0.0,474316.0,80.0,1043.0,832.0,64.0,1939.0,4179.0,1032.9119033102484,100.0,61.0,8.35,61.0,4715.0,0.0212089077412513,5.0935,2.0,71989.87483780488,1,Nicol Bolas
1081897,1.0,10.0,2059.0,1.0,1.0,1.0,100.0,4.0,0.0,0.0,0.0,0.0,1.0,0.0,0.0,100.0,0.47,23.0,13.0,1086250.0,1740464101.0,1741206428.0,282.0,282.0,-2.0,-2.0,0.0,152624.0,0.0,253.0,188.0,11.0,452.0,927.0,163.9674764498537,100.0,40.0,3.02,40.0,4435.0,0.0225479143179255,1.208,2.0,23088.572799999994,1,D Stanley
479863,5.0,8.8,1557.2,2.0,4.0,4.0,80.0,3.0,0.0,0.0,0.0,0.0,0.0,0.0,0.0,100.0,0.85,22.0,18.0,221717.0,1738627506.0,1741287675.0,710.0,710.0,100.0,100.0,30.0,434935.0,75.0,818.0,858.0,71.0,1747.0,4102.0,352.18366420567173,100.0,69.0,28.84,69.0,5041.0,0.0198373338623289,19.8996,2.0,66044.42396,1,mu is too short
276052,100.0,16.7,11054.66,2.84,91.0,80.0,80.0,3.05,22.0,1.0,4.0,34.0,1.0,0.0,22.0,100.0,0.29,24.0,4.0,102965.0,1741236000.0,1741279118.0,589.0,589.0,60.0,50.0,0.0,421220.0,80.0,839.0,828.0,114.0,1781.0,4463.0,308.3320720694924,100.0,64.0,141.97,64.0,4815.0,0.0207684319833852,90.8608,2.0,64088.93308,1,aioobe
65696,30.0,10.0,6095.466666666666,2.6,29.0,24.0,80.0,2.566666666666667,2.0,22.0,0.0,0.0,0.0,0.0,6.666666666666667,0.0,0.0,0.0,0.0,25542.0,1735927200.0,1663800049.0,318.0,318.0,20.0,10.0,0.0,156278.0,85.0,306.0,269.0,35.0,610.0,1463.0,174.98476124127686,0.0,0.0,0.0,0.0,0.0,0.0,0.0,0.0,23738.450000000004,1,SingleNegationElimination
101361,10.0,48.6,18864.5,4.5,7.0,7.0,70.0,3.8,3.0,0.0,0.0,1.0,0.0,0.0,30.0,100.0,0.38,23.0,7.0,35743.0,1728300000.0,1681056734.0,210.0,210.0,30.0,30.0,10.0,152917.0,71.0,304.0,290.0,67.0,661.0,1844.0,103.92304845413264,100.0,60.0,8.18,60.0,4955.0,0.0201816347124117,4.908,2.0,23290.9588,1,laalto
27862,31.0,27.967741935483872,14019.225806451614,2.5161290322580645,28.0,19.0,61.29032258064516,2.6451612903225805,6.0,0.0,13.0,14.0,0.0,0.0,19.35483870967742,100.0,0.97,22.0,18.0,13777.0,1740967503.0,1737893922.0,408.0,408.0,20.0,20.0,0.0,153204.0,61.0,126.0,117.0,27.0,270.0,747.0,224.0119044455748,100.0,41.0,118.64,41.0,1815.0,0.0550964187327823,48.6424,2.0,23150.307272258065,1,user123444555621
489564,100.0,13.53,7475.94,2.13,83.0,62.0,62.0,2.64,8.0,28.0,1.0,1.0,0.0,0.0,8.0,100.0,0.8,21.0,7.0,227725.0,1732122300.0,1741244308.0,680.0,680.0,40.0,10.0,0.0,153591.0,68.0,73.0,55.0,16.0,144.0,398.0,378.3627007691605,15.0,5.0,930.2,33.33333333333333,4340.0,0.0034562211981566,310.06666666666666,1.0,23267.476666666666,1,RNA
3832970,0.0,0.0,0.0,0.0,0.0,0.0,0.0,0.0,0.0,0.0,0.0,0.0,0.0,0.0,0.0,100.0,0.33,11.0,7.0,4739783.0,1741262400.0,1741273690.0,1196.0,1196.0,98.0,63.0,29.0,627400.0,0.0,611.0,498.0,41.0,1150.0,2515.0,644.1927118494899,100.0,63.0,5.27,63.0,3515.0,0.0284495021337126,3.3201,2.0,94603.10901,1,Wiktor Stribi≈ºew
383861,2.0,4.5,2078.5,1.5,2.0,2.0,100.0,2.5,0.0,0.0,0.0,1.0,0.0,0.0,0.0,100.0,0.13,50.0,2.0,162425.0,1732313400.0,1737748089.0,128.0,128.0,10.0,10.0,0.0,149047.0,0.0,407.0,307.0,24.0,738.0,1568.0,68.12733176437584,100.0,65.0,14.88,65.0,2055.0,0.048661800486618,9.672,2.0,22679.1052,1,bdoughan
31671,100.0,75.63,76562.54,6.39,97.0,95.0,95.0,2.53,54.0,0.0,24.0,24.0,0.0,46.0,54.0,100.0,0.84,41.0,22.0,15143.0,1741107901.0,1739063209.0,969.0,969.0,76.0,78.0,30.0,490557.0,91.0,991.0,889.0,204.0,2084.0,5698.0,514.9970873704044,100.0,60.0,89.92,60.0,4504.0,0.0222024866785079,53.952,2.0,74699.7372,1,alex
6309,16.0,27.1875,19321.5625,4.625,16.0,16.0,100.0,3.5625,4.0,0.0,0.0,3.0,0.0,0.0,25.0,0.0,0.0,0.0,0.0,4243.0,1741270807.0,1741282600.0,10949.0,10949.0,949.0,879.0,171.0,1328702.0,100.0,5594.0,4721.0,563.0,10878.0,25387.0,5793.780429621635,100.0,37.0,45.23,37.0,5833.0,0.0171438367906737,16.7351,2.0,204222.14651,1,VonC
3732271,0.0,0.0,0.0,0.0,0.0,0.0,0.0,0.0,0.0,0.0,0.0,0.0,0.0,0.0,0.0,100.0,0.69,34.0,12.0,4601727.0,1740422408.0,1709580221.0,1536.0,1536.0,160.0,160.0,40.0,887851.0,0.0,695.0,582.0,38.0,1315.0,2821.0,794.433970404925,100.0,43.0,2.28,43.0,3153.0,0.0317158261972724,0.9804,2.0,133732.62604,1,akrun
859154,100.0,39.6,37350.31,3.61,98.0,96.0,96.0,3.19,40.0,0.0,37.0,38.0,43.0,0.0,40.0,100.0,0.34,40.0,7.0,458956.0,1732457102.0,1741000858.0,306.0,306.0,30.0,20.0,10.0,148714.0,100.0,829.0,492.0,144.0,1465.0,3745.0,162.28678319567493,100.0,46.0,20.11,46.0,4268.0,0.0234301780693533,9.2506,2.0,23057.286059999995,1,Royi Namir
39321,100.0,92.88,72644.08,5.55,97.0,85.0,85.0,3.04,68.0,0.0,4.0,14.0,36.0,8.0,68.0,100.0,1.11,48.0,14.0,17529.0,1739553902.0,1741266888.0,507.0,507.0,60.0,50.0,20.0,158291.0,80.0,630.0,476.0,182.0,1288.0,3878.0,260.994252810287,100.0,35.0,9.36,35.0,5433.0,0.0184060371801951,3.276,2.0,24492.1136,1,Svish
17034,2.0,155.5,23402.0,2.5,2.0,2.0,100.0,3.0,2.0,0.0,0.0,0.0,2.0,0.0,100.0,0.0,0.0,0.0,0.0,9266.0,1741285207.0,1741282062.0,1931.0,1931.0,158.0,148.0,30.0,942267.0,0.0,2604.0,1751.0,149.0,4504.0,9347.0,1026.5368965604694,100.0,64.0,52.34,64.0,3453.0,0.0289603243556327,33.497600000000006,2.0,143211.68376000004,1,Hans Passant
88656,0.0,0.0,0.0,0.0,0.0,0.0,0.0,0.0,0.0,0.0,0.0,0.0,0.0,0.0,0.0,100.0,0.69,62.0,15.0,32093.0,1739409907.0,1741279486.0,1101.0,1101.0,46.0,48.0,8.0,660463.0,0.0,2087.0,1258.0,184.0,3529.0,7701.0,608.5277314962728,100.0,66.0,114.82,66.0,5367.0,0.0186323830817961,75.7812,2.0,100596.56012,1,Eric Lippert
1906307,29.0,3.2758620689655173,2825.896551724138,1.3448275862068966,28.0,21.0,72.41379310344827,2.896551724137931,1.0,10.0,7.0,7.0,0.0,0.0,3.4482758620689653,100.0,0.53,47.0,11.0,2078887.0,1738842600.0,1644926030.0,411.0,411.0,20.0,20.0,10.0,151511.0,67.0,329.0,286.0,28.0,643.0,1467.0,225.74395525314367,100.0,58.0,42.3,57.99999999999999,2587.0,0.0386548125241592,24.533999999999995,2.0,23032.724779310334,1,Louis
571407,8.0,17.75,7812.25,2.25,7.0,6.0,75.0,3.25,3.0,0.0,0.0,5.0,0.0,0.0,37.5,100.0,0.94,3.0,28.0,277416.0,1740702900.0,1598086966.0,966.0,966.0,48.0,48.0,0.0,692121.0,100.0,1273.0,1255.0,93.0,2621.0,5968.0,530.0075471160765,100.0,69.0,40.84,69.0,3248.0,0.0307881773399014,28.1796,2.0,104991.95196,1,JB Nizet
179910,3.0,55.333333333333336,11793.333333333334,7.0,3.0,2.0,66.66666666666666,3.0,1.0,0.0,0.0,0.0,0.0,0.0,33.33333333333333,100.0,0.78,64.0,16.0,60200.0,1736352300.0,1741272939.0,1383.0,1383.0,155.0,115.0,0.0,490623.0,0.0,1137.0,649.0,83.0,1869.0,3914.0,720.7181603558125,100.0,35.0,26.06,35.0,5472.0,0.0182748538011695,9.121,2.0,74378.43476666667,1,Jerry Coffin
476,83.0,30.349397590361445,9420.819277108434,2.5060240963855422,71.0,55.0,66.26506024096386,2.7710843373493974,18.0,17.0,3.0,3.0,0.0,19.0,21.686746987951807,100.0,0.74,6.0,20.0,378.0,1741175719.0,1741278810.0,1373.0,1373.0,10.0,11.0,0.0,522510.0,70.0,940.0,799.0,88.0,1827.0,4217.0,786.6398477066872,100.0,52.0,4.04,52.0,5234.0,0.019105846388995,2.1008,2.0,79219.8905860241,1,deceze
182668,58.0,12.844827586206897,10429.448275862069,2.3793103448275863,52.0,38.0,65.51724137931035,3.293103448275862,9.0,0.0,29.0,33.0,0.0,0.0,15.517241379310343,0.0,0.0,0.0,0.0,61252.0,1740772517.0,1741289273.0,694.0,694.0,60.0,50.0,0.0,413976.0,68.0,627.0,594.0,62.0,1283.0,3029.0,368.9494093594224,0.0,0.0,0.0,0.0,0.0,0.0,0.0,0.0,62700.401724137926,1,Pointy
2196460,34.0,19.41176470588235,8773.176470588236,2.0294117647058822,29.0,28.0,82.35294117647058,3.411764705882353,7.0,0.0,0.0,12.0,1.0,0.0,20.588235294117645,100.0,0.78,55.0,17.0,2527365.0,1741108200.0,1741190796.0,468.0,468.0,40.0,30.0,0.0,148149.0,93.0,332.0,389.0,43.0,764.0,1929.0,250.0259986481406,100.0,82.0,34.59,82.0,2910.0,0.0343642611683848,28.3638,2.0,22611.730674117647,1,hotkey
139985,22.0,130.13636363636363,312625.0909090909,6.5,22.0,17.0,77.27272727272727,3.0,9.0,0.0,1.0,14.0,0.0,0.0,40.909090909090914,100.0,0.73,7.0,19.0,47283.0,1740622210.0,1741279200.0,1282.0,1282.0,110.0,100.0,30.0,719446.0,69.0,1261.0,845.0,95.0,2201.0,4746.0,679.553529900331,100.0,31.0,16.78,31.0,5565.0,0.017969451931716,5.2018,2.0,108864.92545272729,1,Stephen C
119963,1.0,17.0,2861.0,2.0,1.0,1.0,100.0,2.0,0.0,0.0,0.0,0.0,0.0,0.0,0.0,100.0,1.15,89.0,18.0,41301.0,1739470201.0,1741068846.0,1626.0,1626.0,140.0,130.0,30.0,497552.0,0.0,319.0,381.0,75.0,775.0,2212.0,860.8389318953149,100.0,74.0,373.86,74.0,984.0,0.1016260162601626,276.6564,2.0,75117.45164000003,1,Cascabel
70604,2.0,25.5,39291.0,3.5,2.0,2.0,100.0,3.5,2.0,0.0,0.0,0.0,0.0,0.0,100.0,100.0,0.45,52.0,8.0,26957.0,1741107901.0,1527001590.0,456.0,456.0,40.0,40.0,20.0,570595.0,0.0,1132.0,1070.0,140.0,2342.0,5742.0,240.17771198288432,100.0,68.0,86.84,68.0,429.0,0.2331002331002331,59.0512,2.0,86709.93911999998,1,Pascal Thivent
4279,38.0,17.0,15866.473684210529,5.2631578947368425,37.0,34.0,89.47368421052632,3.210526315789474,13.0,15.0,0.0,1.0,0.0,0.0,34.21052631578947,100.0,0.24,59.0,2.0,3021.0,1738681500.0,1741282634.0,1342.0,1342.0,100.0,100.0,0.0,414795.0,94.0,1722.0,1027.0,205.0,2954.0,6853.0,717.0690343335152,0.0,0.0,0.0,0.0,0.0,0.0,0.0,0.0,63562.44736842105,1,jfs
325418,100.0,44.42,61665.46,4.13,92.0,48.0,48.0,2.54,38.0,2.0,20.0,20.0,0.0,0.0,38.0,100.0,0.2,33.0,2.0,127918.0,1737065100.0,1739902252.0,420.0,420.0,10.0,10.0,0.0,151206.0,59.0,782.0,490.0,142.0,1414.0,3672.0,236.71361036774653,100.0,32.0,29.98,32.0,5214.0,0.0191791331031837,9.5936,2.0,23405.85736,1,nonopolarity
104349,8.0,21.625,6631.5,1.75,8.0,7.0,87.5,1.75,1.0,4.0,0.0,0.0,0.0,0.0,12.5,100.0,0.62,0.0,13.0,36572.0,1740291008.0,1741251912.0,919.0,919.0,90.0,80.0,0.0,599956.0,86.0,920.0,904.0,68.0,1892.0,4312.0,481.52743085588247,100.0,72.0,48.99,72.0,3779.0,0.0264620269912675,35.272800000000004,2.0,90848.87628,1,Daniel Roseman
3043,100.0,25.84,35952.0,5.64,98.0,73.0,73.0,3.11,38.0,0.0,11.0,14.0,14.0,0.0,38.0,100.0,0.61,14.0,11.0,2212.0,1740680704.0,1741285033.0,1224.0,1224.0,50.0,50.0,10.0,416131.0,70.0,813.0,578.0,114.0,1505.0,3687.0,677.8092160286207,100.0,29.0,21.27,29.0,6003.0,0.0166583374979177,6.1683,2.0,63160.343830000005,1,Joel Coehoorn
1600898,19.0,4.789473684210527,1156.3684210526317,1.5789473684210529,16.0,13.0,68.42105263157895,2.210526315789474,0.0,3.0,0.0,0.0,0.0,0.0,0.0,100.0,0.63,29.0,10.0,1752028.0,1741090500.0,1741283321.0,1253.0,1253.0,120.0,120.0,10.0,155416.0,78.0,396.0,334.0,22.0,752.0,1618.0,654.137854991846,100.0,76.0,16.7,76.0,4268.0,0.0234301780693533,12.692,2.0,23644.881305263152,1,user4815162342
1271826,38.0,8.605263157894736,2237.684210526316,1.736842105263158,36.0,35.0,92.10526315789474,2.9473684210526314,1.0,0.0,0.0,1.0,0.0,1.0,2.631578947368421,100.0,0.43,37.0,4.0,1327250.0,1741009800.0,1741285297.0,1639.0,1639.0,205.0,150.0,10.0,438232.0,100.0,1101.0,836.0,74.0,2011.0,4349.0,844.096114195534,100.0,59.0,5.6,59.0,3807.0,0.0262674021539269,3.304,2.0,66609.2509263158,1,Rob
244297,100.0,15.19,8098.98,2.38,94.0,90.0,90.0,2.93,11.0,27.0,5.0,6.0,0.0,1.0,11.0,0.0,0.0,0.0,0.0,88287.0,1732026902.0,1741265051.0,724.0,724.0,78.0,68.0,-2.0,150109.0,94.0,388.0,343.0,44.0,775.0,1857.0,375.8771962578558,0.0,0.0,0.0,0.0,0.0,0.0,0.0,0.0,22909.8,1,Eugene Yarmash
1126841,6.0,6.666666666666667,743.0,1.1666666666666667,6.0,2.0,33.33333333333333,1.5,0.0,0.0,0.0,0.0,0.0,0.0,0.0,100.0,0.67,10.0,16.0,1143565.0,1741111209.0,1741284746.0,2807.0,2807.0,195.0,175.0,30.0,532238.0,0.0,734.0,585.0,77.0,1396.0,3259.0,1513.8344251161243,100.0,40.0,9.53,40.0,4641.0,0.0215470803706097,3.812,2.0,80470.21753333333,1,chepner
6361531,22.0,2.363636363636364,1300.3181818181818,1.9090909090909087,21.0,20.0,90.9090909090909,2.5454545454545454,0.0,10.0,0.0,0.0,0.0,0.0,0.0,100.0,0.42,23.0,9.0,7316008.0,1736257500.0,1741283158.0,145.0,145.0,0.0,0.0,0.0,153510.0,80.0,203.0,157.0,15.0,375.0,824.0,83.71578903249574,100.0,41.0,5.97,41.0,2807.0,0.0356252226576416,2.4477,2.0,23203.83267909091,1,Scott Boston
1870803,17.0,10.411764705882351,3506.8823529411766,1.3529411764705883,17.0,16.0,94.11764705882352,3.411764705882353,2.0,1.0,0.0,0.0,8.0,0.0,11.76470588235294,100.0,0.47,51.0,12.0,2103982.0,1735642642.0,1741208217.0,208.0,208.0,20.0,20.0,10.0,149618.0,100.0,332.0,272.0,32.0,636.0,1468.0,108.54185060764964,100.0,61.0,16.55,61.0,2662.0,0.0375657400450788,10.0955,2.0,22743.57631470588,1,Yuval Itzchakov
89771,100.0,36.82,36643.51,4.78,99.0,90.0,90.0,4.0,53.0,4.0,12.0,12.0,0.0,48.0,53.0,100.0,0.59,40.0,8.0,32371.0,1739819112.0,1734435005.0,250.0,250.0,30.0,20.0,0.0,154663.0,92.0,505.0,403.0,99.0,1007.0,2704.0,129.96794476587934,100.0,33.0,41.74,33.0,4213.0,0.0237360550676477,13.7742,2.0,23749.20142,1,Alix Axel
1048572,37.0,35.972972972972975,18271.27027027027,2.189189189189189,34.0,27.0,72.97297297297297,3.3783783783783785,5.0,0.0,16.0,16.0,0.0,0.0,13.513513513513514,100.0,0.3,13.0,4.0,1042959.0,1741257900.0,1741267646.0,2303.0,2303.0,234.0,179.0,20.0,665364.0,77.0,1458.0,1017.0,161.0,2636.0,6119.0,1210.623083374838,100.0,54.0,8.48,54.0,4569.0,0.0218866272707375,4.5792,2.0,101004.45321729728,1,Bergi
106224,25.0,59.8,18662.52,2.88,25.0,24.0,96.0,4.0,9.0,0.0,3.0,3.0,3.0,3.0,36.0,100.0,0.39,67.0,5.0,37175.0,1741107901.0,1734532808.0,1834.0,1834.0,60.0,60.0,30.0,724402.0,96.0,1378.0,1425.0,165.0,2968.0,7303.0,1024.2193775423962,100.0,73.0,126.87,73.0,4944.0,0.0202265372168284,92.6151,2.0,110091.49851,1,BoltClock
61974,0.0,0.0,0.0,0.0,0.0,0.0,0.0,0.0,0.0,0.0,0.0,0.0,0.0,0.0,0.0,0.0,0.0,0.0,0.0,24377.0,1741107901.0,1740954376.0,2206.0,2206.0,148.0,118.0,20.0,839054.0,0.0,1467.0,1615.0,202.0,3284.0,8332.0,1196.9097710353942,100.0,64.0,193.18,64.0,1120.0,0.0892857142857142,123.6352,2.0,127467.98152,1,Mark Byers
4766,100.0,126.82,98368.52,4.62,90.0,85.0,85.0,3.35,52.0,34.0,2.0,8.0,0.0,3.0,52.0,100.0,1.11,30.0,9.0,3306.0,1738977000.0,1741215594.0,450.0,450.0,10.0,10.0,0.0,149564.0,96.0,179.0,157.0,77.0,413.0,1420.0,254.0341184434353,45.0,12.0,50.355555555555554,26.666666666666668,5681.0,0.0079211406442527,13.428148148148148,1.0,22731.278370370368,1,Daryl Spitzer
1630618,11.0,6.818181818181818,2195.818181818182,1.818181818181818,9.0,9.0,81.81818181818183,2.363636363636364,1.0,0.0,0.0,0.0,0.0,0.0,9.090909090909092,100.0,0.25,31.0,3.0,1789974.0,1737889201.0,1741141105.0,266.0,266.0,10.0,10.0,10.0,154701.0,100.0,311.0,280.0,32.0,623.0,1471.0,147.8016689125442,100.0,74.0,13.76,74.0,3294.0,0.0303582270795385,10.1824,2.0,23501.57605818182,1,vacawama
939860,11.0,8.727272727272727,8336.09090909091,2.1818181818181817,11.0,10.0,90.9090909090909,4.090909090909091,4.0,1.0,0.0,0.0,0.0,0.0,36.36363636363637,100.0,0.3,41.0,3.0,904738.0,1739277900.0,1741281754.0,4763.0,4763.0,455.0,385.0,75.0,658757.0,100.0,1297.0,1141.0,157.0,2595.0,6290.0,2507.595063003594,100.0,53.0,23.57,53.0,4918.0,0.0203334688897925,12.4921,2.0,100032.44711909092,1,Erwin Brandstetter
18393,57.0,51.80701754385965,37556.56140350877,5.684210526315789,57.0,46.0,80.70175438596489,3.0701754385964914,26.0,0.0,14.0,22.0,2.0,19.0,45.614035087719294,0.0,0.0,0.0,0.0,9867.0,1741107901.0,1714147211.0,666.0,666.0,41.0,41.0,20.0,625347.0,82.0,945.0,919.0,169.0,2033.0,5392.0,360.8439182435161,100.0,53.0,230.27,53.0,1434.0,0.0697350069735007,122.0431,2.0,94873.4514854386,1,cletus
157247,96.0,18.17708333333333,11194.46875,1.9791666666666667,90.0,85.0,88.54166666666667,2.333333333333333,8.0,0.0,21.0,21.0,7.0,0.0,8.333333333333332,0.0,0.0,0.0,0.0,52616.0,1741122320.0,1741274984.0,2913.0,2913.0,218.0,198.0,30.0,1075437.0,91.0,1947.0,2003.0,199.0,4149.0,9946.0,1561.7538218298043,100.0,62.0,101.65,62.0,4877.0,0.0205044084478162,63.023,2.0,163274.77146666666,1,T.J. Crowder
1583,35.0,117.88571428571429,63893.22857142857,5.228571428571429,33.0,32.0,91.42857142857144,3.1142857142857143,14.0,0.0,0.0,0.0,5.0,0.0,40.0,100.0,0.96,89.0,11.0,1190.0,1741107901.0,1739634812.0,854.0,854.0,90.0,80.0,0.0,499302.0,100.0,1022.0,893.0,102.0,2017.0,4721.0,444.001126124698,100.0,59.0,59.71,59.0,4184.0,0.0239005736137667,35.2289,2.0,75833.78674714286,1,Oded
1256452,5.0,38.6,7031.6,1.6,4.0,4.0,80.0,1.8,1.0,1.0,0.0,0.0,0.0,0.0,20.0,100.0,0.42,12.0,8.0,1307867.0,1740416700.0,1740653929.0,4006.0,4006.0,270.0,230.0,60.0,489748.0,50.0,868.0,742.0,69.0,1679.0,3784.0,2168.5890958562586,100.0,60.0,13.23,60.0,3244.0,0.0308261405672009,7.938000000000001,2.0,74209.11679999999,1,torek
3681880,100.0,46.71,56794.55,4.1,94.0,81.0,81.0,3.21,55.0,0.0,2.0,2.0,0.0,0.0,55.00000000000001,0.0,0.0,0.0,0.0,4531600.0,1741240200.0,1740830582.0,1988.0,1988.0,170.0,110.0,20.0,512586.0,90.0,1427.0,1416.0,338.0,3181.0,9055.0,1067.2244375013158,100.0,33.0,87.28,33.0,3416.0,0.0292740046838407,28.8024,2.0,78611.45824,1,Suragch
93623,9.0,3.0,2001.4444444444443,1.7777777777777777,7.0,7.0,77.77777777777779,2.7777777777777777,0.0,0.0,0.0,0.0,2.0,0.0,0.0,100.0,0.96,59.0,14.0,33439.0,1735470601.0,1741004931.0,190.0,190.0,10.0,0.0,0.0,158379.0,100.0,348.0,294.0,29.0,671.0,1520.0,106.88779163215976,100.0,44.0,26.57,44.0,2931.0,0.0341180484476287,11.6908,2.0,24065.853857777776,1,Fredrik M&#246;rk
1187415,8.0,10.875,4243.0,1.375,7.0,7.0,87.5,2.5,1.0,0.0,0.0,0.0,0.0,0.0,12.5,100.0,0.7,17.0,12.0,1220712.0,1738094706.0,1741244547.0,700.0,700.0,80.0,80.0,10.0,540055.0,88.0,1418.0,1272.0,97.0,2787.0,6204.0,357.957166897568,100.0,77.0,19.69,77.0,4518.0,0.0221336874723328,15.1613,2.0,82231.98513,1,Martin R
1705598,14.0,28.928571428571427,13398.785714285714,2.071428571428572,14.0,13.0,92.85714285714286,3.928571428571429,4.0,0.0,1.0,7.0,0.0,0.0,28.57142857142857,100.0,1.21,24.0,33.0,1886487.0,1741047001.0,1741276271.0,2281.0,2281.0,128.0,108.0,50.0,418505.0,92.0,894.0,1006.0,76.0,1976.0,4672.0,1248.835324078666,100.0,74.0,25.55,74.0,3947.0,0.0253356979984798,18.907,2.0,63691.98141428573,1,icza
1155209,1.0,21.0,12310.0,3.0,1.0,1.0,100.0,2.0,1.0,0.0,0.0,1.0,0.0,0.0,100.0,100.0,1.15,13.0,31.0,1180113.0,1739320509.0,1741253715.0,585.0,585.0,30.0,20.0,10.0,159566.0,0.0,417.0,380.0,15.0,812.0,1707.0,323.34192428449484,100.0,47.0,4.1,47.0,4749.0,0.0210570646451884,1.927,2.0,24283.052699999997,1,jewelsea
171318,6.0,19.666666666666668,10038.166666666666,2.833333333333333,6.0,6.0,100.0,3.5,2.0,3.0,0.0,0.0,0.0,2.0,33.33333333333333,100.0,0.3,46.0,4.0,57200.0,1739819112.0,1741211432.0,481.0,481.0,60.0,50.0,20.0,158210.0,100.0,275.0,260.0,29.0,564.0,1345.0,245.9850943993694,100.0,45.0,11.82,45.0,4455.0,0.0224466891133557,5.319,2.0,24003.1639,1,hek2mgl
1025118,28.0,6.571428571428571,3217.928571428572,1.9285714285714288,28.0,28.0,100.0,4.678571428571429,2.0,0.0,1.0,8.0,0.0,0.0,7.142857142857142,100.0,0.36,55.0,4.0,1012936.0,1739718300.0,1741274640.0,868.0,868.0,60.0,50.0,0.0,154090.0,100.0,978.0,589.0,85.0,1652.0,3595.0,469.40352221374167,100.0,36.0,24.44,36.0,3700.0,0.027027027027027,8.7984,2.0,23839.67384,1,Vlad Mihalcea
218196,8.0,1436.875,592453.0,15.125,8.0,8.0,100.0,3.5,6.0,0.0,6.0,6.0,0.0,0.0,75.0,100.0,0.74,15.0,14.0,76141.0,1739819112.0,1733171122.0,1424.0,1424.0,110.0,70.0,0.0,817030.0,100.0,1165.0,1108.0,181.0,2454.0,6299.0,770.3583581684566,100.0,65.0,182.61,65.0,5168.0,0.0193498452012383,118.6965,2.0,123787.28065,1,Felix Kling
95592,72.0,309.5,191331.47222222225,3.5,70.0,53.0,73.61111111111111,3.0277777777777777,22.0,25.0,0.0,0.0,0.0,0.0,30.55555555555556,100.0,1.35,45.0,8.0,33990.0,1739085303.0,1741181281.0,38.0,38.0,20.0,20.0,0.0,461217.0,77.0,165.0,127.0,39.0,331.0,936.0,10.392304845413264,100.0,41.0,288.62,41.0,5141.0,0.0194514685858782,118.3342,2.0,69423.6065311111,1,Matthew Rankin
514749,100.0,32.1,23374.11,3.83,100.0,95.0,95.0,3.63,39.0,0.0,56.0,56.0,2.0,0.0,39.0,100.0,0.58,24.0,14.0,242908.0,1736251504.0,1503060871.0,232.0,232.0,30.0,30.0,0.0,154948.0,97.0,356.0,311.0,80.0,747.0,2089.0,116.6247543763044,100.0,72.0,51.26,72.0,750.0,0.1333333333333333,36.9072,2.0,23678.06672,1,pimvdb
120955,50.0,44.38,7544.86,2.98,47.0,45.0,90.0,2.44,8.0,0.0,0.0,1.0,16.0,0.0,16.0,100.0,0.44,18.0,8.0,41594.0,1741237201.0,1741276673.0,482.0,482.0,74.0,74.0,0.0,156708.0,88.0,323.0,257.0,29.0,609.0,1384.0,235.5589098293673,100.0,49.0,2.73,49.0,5745.0,0.0174064403829416,1.3377,2.0,23798.306770000003,1,StriplingWarrior
13302,100.0,7.23,6532.43,1.87,91.0,89.0,89.0,3.66,19.0,0.0,1.0,1.0,47.0,0.0,19.0,100.0,1.05,6.0,25.0,7633.0,1741121737.0,1741283629.0,1957.0,1957.0,164.0,164.0,24.0,755321.0,99.0,1489.0,1378.0,184.0,3051.0,7463.0,1035.189032656999,100.0,59.0,63.07,59.0,5780.0,0.0173010380622837,37.2113,2.0,114769.62813,1,marc_s
816620,50.0,15.54,11561.96,2.12,47.0,30.0,60.0,3.26,9.0,0.0,41.0,41.0,0.0,0.0,18.0,0.0,0.0,0.0,0.0,432092.0,1739801400.0,1740218552.0,1806.0,1806.0,160.0,150.0,10.0,708036.0,64.0,1021.0,1043.0,103.0,2167.0,5180.0,953.2140368248886,100.0,69.0,12.57,69.0,4673.0,0.0213995292103573,8.673300000000001,2.0,107219.92432999998,1,jfriend00
20860,14.0,28.714285714285715,19906.714285714286,6.714285714285714,14.0,13.0,92.85714285714286,3.071428571428572,6.0,2.0,0.0,2.0,0.0,2.0,42.85714285714285,100.0,0.58,28.0,14.0,10929.0,1740836403.0,1741287607.0,1265.0,1265.0,140.0,150.0,10.0,562871.0,92.0,860.0,701.0,87.0,1648.0,3833.0,646.645188646757,100.0,53.0,8.41,53.0,5438.0,0.0183891136447223,4.4573,2.0,85185.0724442857,1,Bill Karwin
